City_ID,City,Country,Max Temp,Current Description,Lat,Lng,Hotel Name
2,Pizarro,CO,77.07,light rain,4.9533,-77.366,Hotel Limonar
15,Ribeira Grande,PT,73.45,broken clouds,38.5167,-28.7,Quinta da Meia Eira
17,Rikitea,PF,74.1,light rain,-23.1203,-134.9692,People ThankYou
19,Bengkulu,ID,74.66,broken clouds,-3.8004,102.2655,Grage Hotel Bengkulu
26,Caravelas,BR,70.88,clear sky,-17.7125,-39.2481,Pousada dos Navegantes
31,Aksu,CN,75.4,clear sky,41.1231,80.2644,Pudong Holiday Hotel
37,Mindelo,CV,76.55,scattered clouds,16.8901,-24.9804,Hotel Gaudi
39,T≈´krah,LY,76.91,clear sky,32.5341,20.5791,Lagrota restaurant
41,Atuona,PF,77.31,few clouds,-9.8,-139.0333,Villa Enata
42,Karera,IN,79.77,overcast clouds,25.4667,78.15,‡§∂‡•ç‡§∞‡•Ä ‡§π‡§ø‡§Æ‡§æ‡§Ç‡§∂‡•Å ‡§ú‡•ã‡§∂‡•Ä (‡§®‡§ø‡§µ‡§æ‡§∏)
44,Mapirip√°n,CO,72.27,overcast clouds,2.8892,-72.1256,Monserrate
46,Birjand,IR,72.07,clear sky,32.8663,59.2211,Birjand Tourist Hotel
47,Puerto Ayora,EC,78.76,broken clouds,-0.7393,-90.3518,Finch Bay Galapagos Hotel
48,Alofi,NU,78.69,scattered clouds,-19.0595,-169.9187,Taloa Heights
49,Hobyo,SO,75.47,few clouds,5.3505,48.5268,Iftin hotel hobyo
54,Olinda,BR,76.73,scattered clouds,-8.0089,-34.8553,Flat Quatro Rodas Olinda
55,Port Blair,IN,78.84,mist,11.6667,92.75,"Welcomhotel By ITC Hotels, Bay Island, Port Blair"
56,Vao,NC,73.63,scattered clouds,-22.6667,167.4833,Hotel Kou-Bugny
59,Balkhash,KZ,75.85,clear sky,46.844,74.9804,Family
66,Vaini,TO,77.16,scattered clouds,-21.2,-175.2,Keleti Beach Resort
69,S√£o Filipe,CV,74.79,overcast clouds,14.8961,-24.4956,Hotel Xaguate
74,San Cristobal,VE,71.78,overcast clouds,7.7669,-72.225,Pirineos
76,Matara,LK,76.82,moderate rain,5.9485,80.5353,Amaloh Boutique Resort
79,Tura,IN,74.21,light rain,25.5198,90.2201,Hotel RIKMAN Continental
82,Tianpeng,CN,75.63,overcast clouds,30.9866,103.9393,Shuangliu Love Home Business Hotel
88,Hithadhoo,MV,79.95,very heavy rain,-0.6,73.0833,Scoop Guest House
92,Palekastro,GR,75.51,clear sky,35.2,26.25,Marina Village
102,Horadiz,AZ,76.26,clear sky,39.4488,47.3353,Horadiz Olympic Center
108,Yellowknife,CA,70.32,broken clouds,62.456,-114.3525,The Explorer Hotel
109,Kumul,CN,73.08,clear sky,42.8,93.45,Laoyutang Resort
116,Natal,BR,75.42,broken clouds,-5.795,-35.2094,Villa Park Hotel | Natal
118,Corinth,GR,76.89,clear sky,37.9407,22.9573,Ephira Hotel
127,Takoradze,GH,73.69,broken clouds,4.8845,-1.7554,Raybow International Hotel
134,Det Udom,TH,73.22,broken clouds,14.906,105.0784,Chatsuda Resort
135,Punta de Piedra,VE,74.23,overcast clouds,7.6176,-71.4916,Casa 7 Punta de Piedra
141,Avarua,CK,73.45,broken clouds,-21.2078,-159.775,Paradise Inn
142,Nabire,ID,79.59,scattered clouds,-3.3667,135.4833,Hotel Nusantara I
154,Salalah,OM,76.57,broken clouds,17.0151,54.0924,"HAMDAN PLAZA HOTEL SALALAH, an HTG Hotel"
155,Dingle,PH,79.75,overcast clouds,10.9995,122.6711,SEGAYA PROPERTY
160,Kosonsoy,UZ,73.96,clear sky,41.2561,71.5508,"–ì–æ—Å—Ç–∏–Ω–∏—Ü–∞ ""Goldstar'"
169,Porto Murtinho,BR,78.89,scattered clouds,-21.6989,-57.8825,Hotel Pantanal
170,Acara√∫,BR,78.82,scattered clouds,-2.8856,-40.12,castelo pizzaria
176,Sioux Lookout,CA,77.07,scattered clouds,50.1001,-91.917,Knobby's Fly-In Camps
180,Bonthe,SL,76.68,overcast clouds,7.5264,-12.505,Bonthe Holiday Village
192,Joshƒ´math,IN,70.79,overcast clouds,30.5667,79.5667,Shivalik Camps & Resort
193,Kiryat Gat,IL,77.68,clear sky,31.61,34.7642,OlusHome
197,Tambopata,PE,78.12,clear sky,-12.7333,-69.1833,Enashawa Lodge
198,Netivot,IL,70.61,clear sky,31.4222,34.5886,"'◊ë◊ô◊™ ◊î◊ó◊°◊ì - ◊û◊ï◊°◊ì◊ï◊™ ◊û◊ê◊ï◊®◊ï◊™ ◊†◊™◊ü' - ◊û◊ô◊°◊ï◊ì◊ï ◊©◊ú ◊î◊®◊ë ◊†◊™◊ü ◊ë◊ï◊ß◊ï◊ë◊ñ◊î ◊ñ◊¶◊ï◊ß""◊ú"
206,Nantucket,US,78.91,mist,41.2835,-70.0995,Jared Coffin House
208,Salamiyah,SY,72.09,clear sky,35.0113,37.0532,Gondolas Forum grandchildren and grandparents
210,Hannan,JP,77.88,scattered clouds,34.3217,135.2325,„Éõ„ÉÜ„É´ „Ç∂ „É¨„Ç™„É≥ÁÆ±‰ΩúÂ∫ó
213,Yenagoa,NG,74.23,overcast clouds,4.9247,6.2642,Aridolf Resort Wellness and Spa
218,Norman Wells,CA,73.44,broken clouds,65.282,-126.8329,Heritage Hotel
222,Ag√ºimes,ES,73.65,clear sky,27.9054,-15.4461,Hotel Villa de Aguimes
227,Awjilah,LY,77.95,clear sky,29.1081,21.2869,ÿßŸÑŸÖŸÜÿ≤ŸÑ
228,Vila Franca do Campo,PT,73.2,broken clouds,37.7167,-25.4333,Pestana Bahia Praia
229,Ponta do Sol,PT,71.71,clear sky,32.6667,-17.1,Hotel do Campo
230,Port Moresby,PG,79.32,scattered clouds,-9.4431,147.1797,Lamana Hotel (Port Moresby)
231,Wanning,CN,79.95,few clouds,18.8003,110.3967,Paradise Hotel
233,Moengo,SR,74.98,scattered clouds,5.6167,-54.4,Masanga
237,MannƒÅrakkƒÅt,IN,75.25,light rain,10.9833,76.4667,The Park Residency
238,El Tigre,VE,78.85,broken clouds,8.8875,-64.2454,Hotel Santa Cruz
242,Kupang,ID,75.7,overcast clouds,-10.1667,123.5833,Hotel On The Rock by Prasanthi
243,Iquitos,PE,78.84,scattered clouds,-3.7481,-73.2472,Cortez Malaga Techy Caroly
244,Kazygurt,KZ,79.84,clear sky,41.7589,69.3864,“ö–∞–ª–¥—ã–±–∞–π–¥—ã“£ “Ø–π—ñ üèòÔ∏è
249,Santiago del Estero,AR,71.73,few clouds,-27.7951,-64.2615,Apartamentos Castelli 90
253,Faanui,PF,77.54,light rain,-16.4833,-151.75,Bora-Bora Pearl Beach Resort & Spa
256,Nhulunbuy,AU,74.01,scattered clouds,-12.2333,136.7667,East Arnhem Real Estate
260,North Bend,US,75.24,scattered clouds,43.4065,-124.2243,Red Lion Hotel Coos Bay
267,Huaidian,CN,78.96,broken clouds,33.4333,115.0333,Xihuan Hotel
268,Yangi Marg`ilon,UZ,79.52,clear sky,40.4272,71.7189,Ikathouse
275,Arinos,BR,70.03,few clouds,-15.9169,-46.1056,casa do bruno
278,SailƒÅna,IN,74.48,overcast clouds,23.4667,74.9167,Krishna Marriage Garden Sailana
281,Santa Isabel Rio Negro,BR,79.56,overcast clouds,-0.4139,-65.0192,Hotel GSA
282,Guerrero Negro,MX,77.14,clear sky,27.9769,-114.0611,"Casa Laguna, Bed & Breakfast"
283,Lagoa,PT,71.74,overcast clouds,39.05,-27.9833,Casa Das Faias
288,Gunjur,GM,77.07,thunderstorm with light rain,13.2019,-16.7339,Jallo Kurundingoto Eco Tourist Camp
292,Padang,ID,75.25,overcast clouds,-0.9492,100.3543,Mercure Padang
293,Touros,BR,75.34,overcast clouds,-5.1989,-35.4608,INN NEW HORIZON
294,Zaozyornoye,UA,71.6,clear sky,45.1582,33.2787,"Molodozhnyy Lager' ""Pioner"""
299,Lixouri,GR,77.45,clear sky,38.2019,20.4314,Hotel Summery
303,Tigil',RU,71.19,few clouds,57.8,158.6667,Tigil'
309,Gab√∫,GW,74.26,moderate rain,12.2833,-14.2167,Hotel karsa
315,Bambanglipuro,ID,75.2,overcast clouds,-7.95,110.2833,Puri Brata
321,Vanimo,PG,78.4,overcast clouds,-2.6741,141.3028,Vahmoneh Lodge Vanimo
327,Dapaong,TG,77.7,overcast clouds,10.8639,0.205,Hotel Caroli
330,Lafia,NG,72.75,light rain,8.4833,8.5167,Low Cost Housing Estate
331,Linqing,CN,76.35,broken clouds,36.8456,115.7117,Dongfang Hotel
332,Ranong,TH,77.88,light rain,9.9658,98.6348,Numsai Khaosuay Resort Ranong
333,Chongoyape,PE,75.34,broken clouds,-6.6406,-79.3892,Hostal Mulato & Chaparri
336,Constantine,DZ,78.21,clear sky,36.365,6.6147,Grand Hotel Cirta
344,Udgƒ´r,IN,72.95,overcast clouds,18.3833,77.1167,Sarpmitra Ganesh Kallure
345,Ponta Delgada,PT,73.51,scattered clouds,37.7333,-25.6667,Vila Nova Hotel
346,Quang Ngai,VN,75.25,broken clouds,15.1167,108.8,Central Hotel
347,Shenjiamen,CN,79.03,scattered clouds,29.9576,122.298,Jinjiang Inn Zhoushan Putuo Shenjiamen
350,Mwene-Ditu,CD,72.64,broken clouds,-7.0,23.45,African'zuri
351,Camopi,GF,74.03,overcast clouds,3.1655,-52.3158,La pousada
354,Pala,TD,74.07,overcast clouds,9.3642,14.9046,Hotel Pala Palace
360,Kota Bharu,MY,76.98,few clouds,6.1333,102.2386,Grand Riverview Hotel
363,Kamaishi,JP,71.6,light rain,39.2667,141.8833,Hotel Route Inn Kamaishi
367,Yichang,CN,79.41,broken clouds,30.7144,111.2847,Gezhouba Hotel
368,Coruripe,BR,72.88,broken clouds,-10.1256,-36.1756,Pousada e Hotel Litoral Sul
371,Ala≈üehir,TR,71.15,clear sky,38.3508,28.5172,Se√ßil Otel
373,Suileng,CN,72.72,broken clouds,47.25,127.0833,Bihai Chunju Hotel
377,Belawan,ID,75.49,overcast clouds,3.7755,98.6832,Rumah Mamak Bapak M.Radial
380,Coari,BR,75.31,overcast clouds,-4.085,-63.1414,Dellrey Hotel Center
383,Garissa,KE,71.96,clear sky,-0.4536,39.6401,Sharif Plaza Hotel
406,Kwang Binh,VN,77.36,overcast clouds,17.4833,106.6,Nam Long Hotel
408,Macei√≥,BR,76.44,few clouds,-9.6658,-35.7353,Hotel Ponta Verde Macei√≥
415,Aigeira,GR,78.66,clear sky,38.15,22.35,Meliti guesthouse
418,Meulaboh,ID,77.2,overcast clouds,4.1363,96.1285,Kost Pria
422,Ariquemes,BR,79.63,clear sky,-9.9133,-63.0408,Hotel Sol Nascente - Ariquemes - RO
429,Labuhan,ID,75.18,overcast clouds,-6.8844,112.2051,DoubleFAG
430,Bat Khela,PK,78.17,overcast clouds,34.6167,71.9714,Electric and pipe fitting
433,Esmeraldas,BR,70.66,broken clouds,-19.7625,-44.3139,Forasteiro Pousada
434,Praia,CV,77.54,scattered clouds,14.9215,-23.5087,LT Aparthotel
444,Teguise,ES,70.02,few clouds,29.0605,-13.564,B&B La Casona de Nazaret
446,Taraz,KZ,72.01,clear sky,42.9,71.3667,Comfort Inn
457,Ducheng,CN,78.82,clear sky,23.2373,111.5317,Xinyongguang Hotel
460,Chittaurgarh,IN,77.09,overcast clouds,24.8833,74.6333,Hotel Radhey Heritage
464,Korla,CN,74.19,clear sky,41.7597,86.1469,Gulisitan Hotel
466,Yatou,CN,74.52,clear sky,37.15,122.3833,GreenTree Hotel Rongcheng Bus Station
470,Arona,ES,79.7,clear sky,28.0996,-16.681,Paradise Court
472,Belmonte,BR,71.4,broken clouds,-15.8631,-38.8828,Pousada Monte Carmelo O P√£o
473,Sorong,ID,78.48,few clouds,-0.8833,131.25,Waigo Splash Hotel
478,Tautira,PF,74.8,light rain,-17.7333,-149.15,Pension Oaoa
480,Can Tho,VN,71.58,scattered clouds,10.0333,105.7833,Kim Lan Hotel Can Tho
482,Shubarkuduk,KZ,71.42,overcast clouds,49.1447,56.4872,Sirius
486,Domoni,KM,74.8,few clouds,-12.2569,44.5319,Al Djadid
487,Carauari,BR,77.5,broken clouds,-4.8828,-66.8958,Hotel Fellip
498,Impfondo,CG,71.82,moderate rain,1.6381,18.0667,Auberge La Place de Jules
501,Kapit,MY,74.07,overcast clouds,2.0167,112.9333,Hotel Meligai Kapit
503,Biograd na Moru,HR,75.76,clear sky,43.9433,15.4519,Villa Maimare
507,Bandarbeyla,SO,76.44,few clouds,9.4942,50.8122,JABIR HOTEL
514,Ushtobe,KZ,75.58,clear sky,45.2514,77.9838,"Gostinitsa ""Diyar"""
519,Sarankhola,BD,79.9,light rain,22.3082,89.7897,Red Crescent Cyclone Shelter Rashulpur
521,Borzya,RU,72.16,broken clouds,50.3833,116.5167,Tikhiy
523,Manacapuru,BR,77.4,moderate rain,-3.2997,-60.6206,Novo Hotel
531,Hambantota,LK,78.62,overcast clouds,6.1241,81.1185,Bungalow 63
533,Maumere,ID,77.68,overcast clouds,-8.6199,122.2111,Sylvia Hotel
534,Eureka,US,71.2,broken clouds,40.8021,-124.1637,Eureka Inn Trademark By Wyndham
536,Vila Velha,BR,71.55,broken clouds,-20.3297,-40.2925,Hotel Vit√≥ria Palace
538,S√£o Jo√£o da Barra,BR,70.16,clear sky,-21.6403,-41.0511,Pousada Porto De Canoas
542,Itamarac√°,BR,77.05,overcast clouds,-7.7478,-34.8256,Special K's Bed & Breakfast
544,Hauterive,FR,72.36,clear sky,46.0901,3.4459,Aletti Palace Hotel
545,Ribas do Rio Pardo,BR,73.8,clear sky,-20.4431,-53.7592,Pousada Avenida
546,Chengde,CN,72.48,broken clouds,40.9725,117.9361,Super 8 Hotel
550,Kitimat,CA,71.91,few clouds,54.0524,-128.6534,Kingfish Westcoast Adventures Ltd. Kitimat Estuary Lodge B&B
560,Isangel,VU,79.68,clear sky,-19.55,169.2667,Tanna Lodge
562,Tarazona,ES,78.62,clear sky,41.9,-1.7333,La Merced de la Concordia
567,Mars√° Ma≈£r≈´·∏©,EG,75.67,clear sky,31.3525,27.2453,Beau Site
573,Itarema,BR,79.05,scattered clouds,-2.9248,-39.9167,"Sea Lounge! Bar, Club & Restaurant"
574,Altamira,BR,78.35,overcast clouds,-3.2033,-52.2064,Requinte Hotel
584,Mogadishu,SO,75.69,light rain,2.0371,45.3438,Hotel Juba
589,Mbanza-Ngungu,CD,70.21,few clouds,-5.25,14.8667,Hotel Full Business
592,Jiexiu,CN,77.07,overcast clouds,37.0244,111.9125,IU Hotel Jinzhong Yuhua Road
596,Khon Buri,TH,79.54,overcast clouds,14.5254,102.2459,Bangchongjai Cottage
603,Zlobin,HR,71.58,clear sky,45.2924,14.6541,Hotel Bitoraj Fuzine
604,Saurimo,AO,72.68,overcast clouds,-9.6608,20.3916,Hotel Kawissa Saurimo
605,Ariano Irpino,IT,74.61,clear sky,41.1489,15.0833,Hotel Incontro
609,Pemangkat,ID,78.08,light rain,1.1667,108.9667,Ramah Kost KITA
611,Guia Lopes da Laguna,BR,75.61,scattered clouds,-21.4578,-56.1142,Donna Lu
612,Neiafu,TO,77.38,few clouds,-18.65,-173.9833,Mystic Sands Beachfront Accommodation
613,Baruun-Urt,MN,72.36,overcast clouds,46.6806,113.2792,–ê—Ö–º–∞–¥—ã–Ω –∞–º—Ä–∞–ª—Ç —Å—É–≤–∏–ª–∞–ª
620,Namtsy,RU,72.81,broken clouds,62.7161,129.6658,"""–≠“£—Å–∏—ç–ª–∏ –ö–∏–∏–Ω"""
627,WaddƒÅn,LY,76.62,clear sky,29.1614,16.139,ŸÖÿ≠ŸÑ ÿßŸÑÿ¥ÿ±ŸäŸÅ ŸÖÿ≠ŸÖÿØ ÿßŸÑÿπÿßŸäÿ®
630,Fukuech≈ç,JP,78.04,scattered clouds,32.6881,128.8419,Goto Guesthouse Utojuku & SA Car Rental
632,Galle,LK,77.77,moderate rain,6.0367,80.217,Amangalla
633,Erenhot,CN,70.77,light rain,43.6475,111.9767,Erenhot Rurouni Youth Hostel
636,Jalu,LY,76.98,clear sky,29.0331,21.5482,ÿµÿßÿ≠ÿ®ÿ© ÿßŸÑŸÅÿÆÿßŸÖÿ©
643,Cururupu,BR,73.96,scattered clouds,-1.8283,-44.8683,POUSADA TRAV√âS'CIA
644,Nola,IT,79.63,clear sky,40.922,14.5329,Palazzo Giordano Bruno
646,Tazmalt,DZ,77.45,clear sky,36.3868,4.3989,H√¥tel Num√©dia
647,Kisaran,ID,72.75,moderate rain,2.9845,99.6158,Penginapan Batubara1
649,Tamandar√©,BR,73.54,overcast clouds,-8.7597,-35.1047,Pousada 100 Passos
656,Ilebo,CD,73.0,few clouds,-4.3167,20.5833,H√¥tel BUMAK
657,Mizdah,LY,72.9,clear sky,31.4451,12.9801,ŸÖÿ≠ŸÖÿØÿßŸÑŸÖÿ®ÿ±ŸàŸÉ ÿßŸÑÿßÿ±ŸäŸÇÿ∑
662,Pimenta Bueno,BR,79.52,clear sky,-11.6725,-61.1936,Cristalina Palace Hotel
664,Caceres,ES,78.87,overcast clouds,39.522,-6.3748,Ahc Hoteles
666,Conde,BR,72.86,overcast clouds,-7.2597,-34.9075,Pousada Beija Flor
668,Pindiga,NG,71.53,broken clouds,9.9833,10.9333,Accommodation Center
676,Talara,PE,72.36,clear sky,-4.5772,-81.2719,Hostal Oro Negro
689,Sechura,PE,70.81,scattered clouds,-5.5569,-80.8222,Hospedaje Costa Bella
693,Nawalapitiya,LK,70.29,overcast clouds,7.0559,80.5348,Binara Villa
